"","syw","state","startZip","endZip","miles","hours"
"1","7081032116312703","GA","31909 ","30328",117.9143784,1.78
"2","7081136215076364","GA","31907 ","30328",125.3401084,1.93
"3","7081265483012148","GA","31907 ","30328",125.3401084,1.93
"4","7081326152717852","GA","31907 ","30328",125.3401084,1.93
"5","7081326282547930","GA","31907 ","30328",125.3401084,1.93
"6","7081127562627743","GA","31906 ","30328",120.4049496,1.82527777777778
"7","7081325735780395","GA","31906 ","30328",120.4049496,1.82527777777778
"8","7081105119660607","GA","31820 ","30328",124.3129342,1.88305555555556
"9","7081235234318334","GA","31750 ","30328",188.1189076,3.0425
"10","7081027539590562","GA","31714 ","30328",180.771474,2.81277777777778
"11","7081081495966001","GA","31707 ","30328",200.7985746,3.175
"12","7081156009952307","GA","31701 ","30328",203.9006034,3.18277777777778
"13","7081227218499230","GA","31701 ","30328",203.9006034,3.18277777777778
"14","7081146459143606","GA","31637 ","30328",209.2800632,3.13944444444444
"15","7081021335521590","GA","31620 ","30328",220.047061,3.24277777777778
"16","7081017528621478","GA","31620 ","30328",220.047061,3.24277777777778
"17","7081293707405708","GA","31569 ","30328",346.1502486,5.15583333333333
"18","7081226881006231","GA","31558 ","30328",359.7464806,5.31055555555556
"19","7081084139776059","GA","31548 ","30328",310.9156258,5.06694444444444
"20","7081067531959407","GA","31548 ","30328",310.9156258,5.06694444444444
"21","7081283950764828","GA","31548 ","30328",310.9156258,5.06694444444444
"22","7081137585977579","GA","31548 ","30328",310.9156258,5.06694444444444
"23","7081097545963046","GA","31548 ","30328",310.9156258,5.06694444444444
"24","7081137573838775","GA","31548 ","30328",310.9156258,5.06694444444444
"25","7081275811195796","GA","31542 ","30328",274.1933714,4.49805555555556
"26","7081255252020711","GA","31539 ","30328",207.2922046,3.31555555555556
"27","7081270480781489","GA","31533 ","30328",217.9510788,3.565
"28","7081050222306823","GA","31533 ","30328",217.9510788,3.565
"29","7081021798626076","GA","31503 ","30328",256.9097518,4.26166666666667
"30","7081321513373909","GA","31419 ","30328",264.5871488,3.97194444444444
"31","7081037634859598","GA","31419 ","30328",264.5871488,3.97194444444444
"32","7081117591270748","GA","31419 ","30328",264.5871488,3.97194444444444
"33","7081112445304348","GA","31419 ","30328",264.5871488,3.97194444444444
"34","7081077594192036","GA","31419 ","30328",264.5871488,3.97194444444444
"35","7081276091465115","GA","31419 ","30328",264.5871488,3.97194444444444
"36","7081015669885191","GA","31415 ","30328",262.0742072,3.82944444444444
"37","7081037581492690","GA","31407 ","30328",265.7131256,3.905
"38","7081063462111639","GA","31406 ","30328",269.7416618,3.97361111111111
"39","7081187608679165","GA","31405 ","30328",262.4538826,3.89694444444444
"40","7081011047283597","GA","31401 ","30328",264.6175974,3.90972222222222
"41","7081117604873942","GA","31326 ","30328",257.8238312,3.90444444444444
"42","7081027535310742","GA","31326 ","30328",257.8238312,3.90444444444444
"43","7081077579355228","GA","31326 ","30328",257.8238312,3.90444444444444
"44","7081293397449586","GA","31324 ","30328",278.0709074,4.21944444444444
"45","7081010198985653","GA","31312 ","30328",250.6224266,3.84777777777778
"46","7081027529213506","GA","31305 ","30328",309.3322986,4.53472222222222
"47","7081193949179006","GA","31210 ","30328",93.2168354,1.49277777777778
"48","7081043642738196","GA","31205 ","30328",105.9524284,1.68222222222222
"49","7081077622237803","GA","31145 ","30328",13.1463384,0.296111111111111
"50","7081233251999250","GA","31093 ","30328",112.9959974,1.82777777777778
"51","7081097535295219","GA","31093 ","30328",112.9959974,1.82777777777778
"52","7081187603533078","GA","31093 ","30328",112.9959974,1.82777777777778
"53","7081126496256033","GA","31088 ","30328",120.6920364,1.93527777777778
"54","7081057518503294","GA","31088 ","30328",120.6920364,1.93527777777778
"55","7081074168190843","GA","31088 ","30328",120.6920364,1.93527777777778
"56","7081315910866382","GA","31088 ","30328",120.6920364,1.93527777777778
"57","7081031070648938","GA","31088 ","30328",120.6920364,1.93527777777778
"58","7081207214363341","GA","31088 ","30328",120.6920364,1.93527777777778
"59","7081042845066686","GA","31088 ","30328",120.6920364,1.93527777777778
"60","7081236790730557","GA","31088 ","30328",120.6920364,1.93527777777778
"61","7081107613340165","GA","31088 ","30328",120.6920364,1.93527777777778
"62","7081057515231998","GA","31088 ","30328",120.6920364,1.93527777777778
"63","7081126321724908","GA","31088 ","30328",120.6920364,1.93527777777778
"64","7081245414177848","GA","31088 ","30328",120.6920364,1.93527777777778
"65","7081256229863316","GA","31087 ","30328",118.6178032,1.95972222222222
"66","7081012428655049","GA","31087 ","30328",118.6178032,1.95972222222222
"67","7081300638841891","GA","31075 ","30328",159.2163508,2.48527777777778
"68","7081265151578875","GA","31069 ","30328",124.4471566,1.90527777777778
"69","7081137601896050","GA","31069 ","30328",124.4471566,1.90527777777778
"70","7081157581146557","GA","31069 ","30328",124.4471566,1.90527777777778
"71","7081087601136801","GA","31061 ","30328",110.056154,1.84666666666667
"72","7081127538252931","GA","31061 ","30328",110.056154,1.84666666666667
"73","7081225632167615","GA","31061 ","30328",110.056154,1.84666666666667
"74","7081225986153526","GA","31032 ","30328",103.7564008,1.72944444444444
"75","7081186496908710","GA","31021 ","30328",149.2938356,2.25916666666667
"76","7081087608990929","GA","31008 ","30328",111.6307816,1.76444444444444
"77","7081071016142844","GA","31006 ","30328",108.7953334,2.06944444444444
"78","7081133415376025","GA","30909 ","30328",153.9412862,2.27388888888889
"79","7081010329695676","GA","30907 ","30328",157.0482862,2.42833333333333
"80","7081265552258119","GA","30907 ","30328",157.0482862,2.42833333333333
"81","7081157630832009","GA","30907 ","30328",157.0482862,2.42833333333333
"82","7081187560199533","GA","30907 ","30328",157.0482862,2.42833333333333
"83","7081037592766181","GA","30901 ","30328",161.1308842,2.45277777777778
"84","7081067579084308","GA","30833 ","30328",146.5776962,2.43388888888889
"85","7081063759986305","GA","30815 ","30328",167.9109796,2.55388888888889
"86","7081093491021715","GA","30813 ","30328",148.1063402,2.24166666666667
"87","7081292452436413","GA","30813 ","30328",148.1063402,2.24166666666667
"88","7081022038949864","GA","30813 ","30328",148.1063402,2.24166666666667
"89","7081021991990337","GA","30809 ","30328",151.6700692,2.28055555555556
"90","7081191619401445","GA","30755 ","30328",91.1854788,1.43888888888889
"91","7081183668986731","GA","30755 ","30328",91.1854788,1.43888888888889
"92","7081077620456876","GA","30747 ","30328",83.565872,1.38638888888889
"93","7081077592072776","GA","30747 ","30328",83.565872,1.38638888888889
"94","7081073858472230","GA","30746 ","30328",75.6827916,1.21888888888889
"95","7081083826330923","GA","30746 ","30328",75.6827916,1.21888888888889
"96","7081014456455847","GA","30746 ","30328",75.6827916,1.21888888888889
"97","7081087588185672","GA","30743 ","30328",NA,NA
"98","7081247419833706","GA","30741 ","30328",106.3507458,1.67638888888889
"99","7081092254603289","GA","30741 ","30328",106.3507458,1.67638888888889
"100","7081216989837082","GA","30740 ","30328",90.957425,1.40861111111111
"101","7081147606723464","GA","30740 ","30328",90.957425,1.40861111111111
"102","7081144598240565","GA","30740 ","30328",90.957425,1.40861111111111
"103","7081121915354154","GA","30739 ","30328",99.1480984,1.6625
"104","7081173547455412","GA","30736 ","30328",97.5020098,1.46194444444444
"105","7081031906974870","GA","30735 ","30328",71.5566956,1.12638888888889
"106","7081035302761559","GA","30735 ","30328",71.5566956,1.12638888888889
"107","7081223787187397","GA","30735 ","30328",71.5566956,1.12638888888889
"108","7081157603976890","GA","30735 ","30328",71.5566956,1.12638888888889
"109","7081156885520020","GA","30735 ","30328",71.5566956,1.12638888888889
"110","7081181002109754","GA","30735 ","30328",71.5566956,1.12638888888889
"111","7081121157028912","GA","30734 ","30328",70.0373726,1.43416666666667
"112","7081113626551350","GA","30734 ","30328",70.0373726,1.43416666666667
"113","7081034421243011","GA","30733 ","30328",69.0257334,1.16
"114","7081241845664132","GA","30733 ","30328",69.0257334,1.16
"115","7081015561659454","GA","30733 ","30328",69.0257334,1.16
"116","7081146783934142","GA","30733 ","30328",69.0257334,1.16
"117","7081152260138066","GA","30733 ","30328",69.0257334,1.16
"118","7081071496899889","GA","30731 ","30328",102.0475508,1.92611111111111
"119","7081173822961233","GA","30728 ","30328",90.4366918,1.485
"120","7081130798019602","GA","30728 ","30328",90.4366918,1.485
"121","7081047563297850","GA","30721 ","30328",87.1786916,1.38333333333333
"122","7081136720478121","GA","30721 ","30328",87.1786916,1.38333333333333
"123","7081157601318780","GA","30721 ","30328",87.1786916,1.38333333333333
"124","7081283418684998","GA","30721 ","30328",87.1786916,1.38333333333333
"125","7081175713148580","GA","30721 ","30328",87.1786916,1.38333333333333
"126","7081302123306364","GA","30721 ","30328",87.1786916,1.38333333333333
"127","7081265232422846","GA","30721 ","30328",87.1786916,1.38333333333333
"128","7081020958334786","GA","30721 ","30328",87.1786916,1.38333333333333
"129","7081242107701778","GA","30721 ","30328",87.1786916,1.38333333333333
"130","7081197505971276","GA","30721 ","30328",87.1786916,1.38333333333333
"131","7081017527001268","GA","30721 ","30328",87.1786916,1.38333333333333
"132","7081197505483538","GA","30721 ","30328",87.1786916,1.38333333333333
"133","7081097512699037","GA","30721 ","30328",87.1786916,1.38333333333333
"134","7081017474299055","GA","30720 ","30328",83.410522,1.29
"135","7081027496308545","GA","30720 ","30328",83.410522,1.29
"136","7081137153363145","GA","30720 ","30328",83.410522,1.29
"137","7081136689932449","GA","30720 ","30328",83.410522,1.29
"138","7081167195797802","GA","30720 ","30328",83.410522,1.29
"139","7081073845426141","GA","30720 ","30328",83.410522,1.29
"140","7081294155031491","GA","30720 ","30328",83.410522,1.29
"141","7081121514478453","GA","30720 ","30328",83.410522,1.29
"142","7081246930155284","GA","30720 ","30328",83.410522,1.29
"143","7081121909532583","GA","30720 ","30328",83.410522,1.29
"144","7081145895149615","GA","30720 ","30328",83.410522,1.29
"145","7081057529090927","GA","30720 ","30328",83.410522,1.29
"146","7081031487349336","GA","30720 ","30328",83.410522,1.29
"147","7081077590252396","GA","30710 ","30328",100.949537,1.60722222222222
"148","7081037635288490","GA","30707 ","30328",107.0460924,1.88333333333333
"149","7081137581696058","GA","30706 ","30328",NA,NA
"150","7081136426094982","GA","30705 ","30328",76.342097,1.32666666666667
"151","7081111738512682","GA","30705 ","30328",76.342097,1.32666666666667
"152","7081121912934230","GA","30705 ","30328",76.342097,1.32666666666667
"153","7081024234920723","GA","30705 ","30328",76.342097,1.32666666666667
"154","7081230180588683","GA","30705 ","30328",76.342097,1.32666666666667
"155","7081315949257678","GA","30705 ","30328",76.342097,1.32666666666667
"156","7081293771081732","GA","30705 ","30328",76.342097,1.32666666666667
"157","7081127581148333","GA","30705 ","30328",76.342097,1.32666666666667
"158","7081146058228618","GA","30705 ","30328",76.342097,1.32666666666667
"159","7081244240089095","GA","30705 ","30328",76.342097,1.32666666666667
"160","7081124240199716","GA","30705 ","30328",76.342097,1.32666666666667
"161","7081052192345450","GA","30705 ","30328",76.342097,1.32666666666667
"162","7081140566714375","GA","30703 ","30328",63.3573226,1.04055555555556
"163","7081152260011099","GA","30703 ","30328",63.3573226,1.04055555555556
"164","7081160538422642","GA","30703 ","30328",63.3573226,1.04055555555556
"165","7081081989070682","GA","30703 ","30328",63.3573226,1.04055555555556
"166","7081145892857046","GA","30701 ","30328",64.5671884,1.05638888888889
"167","7081104229965832","GA","30701 ","30328",64.5671884,1.05638888888889
"168","7081037616108733","GA","30701 ","30328",64.5671884,1.05638888888889
"169","7081325817435454","GA","30701 ","30328",64.5671884,1.05638888888889
"170","7081014456379922","GA","30701 ","30328",64.5671884,1.05638888888889
"171","7081097568617917","GA","30701 ","30328",64.5671884,1.05638888888889
"172","7081083771771931","GA","30701 ","30328",64.5671884,1.05638888888889
"173","7081083772537364","GA","30701 ","30328",64.5671884,1.05638888888889
"174","7081234839933621","GA","30701 ","30328",64.5671884,1.05638888888889
"175","7081027524635562","GA","30701 ","30328",64.5671884,1.05638888888889
"176","7081132238663023","GA","30701 ","30328",64.5671884,1.05638888888889
"177","7081145668130339","GA","30701 ","30328",64.5671884,1.05638888888889
"178","7081087573298456","GA","30701 ","30328",64.5671884,1.05638888888889
"179","7081146891062349","GA","30701 ","30328",64.5671884,1.05638888888889
"180","7081113626414302","GA","30701 ","30328",64.5671884,1.05638888888889
"181","7081284042143104","GA","30701 ","30328",64.5671884,1.05638888888889
"182","7081147497590089","GA","30701 ","30328",64.5671884,1.05638888888889
"183","7081146784187617","GA","30701 ","30328",64.5671884,1.05638888888889
"184","7081145722216249","GA","30701 ","30328",64.5671884,1.05638888888889
"185","7081146784230060","GA","30701 ","30328",64.5671884,1.05638888888889
"186","7081027506163112","GA","30701 ","30328",64.5671884,1.05638888888889
"187","7081104841261552","GA","30701 ","30328",64.5671884,1.05638888888889
"188","7081145668052301","GA","30701 ","30328",64.5671884,1.05638888888889
"189","7081066423271210","GA","30701 ","30328",64.5671884,1.05638888888889
"190","7081067561540150","GA","30701 ","30328",64.5671884,1.05638888888889
"191","7081033845005550","GA","30701 ","30328",64.5671884,1.05638888888889
"192","7081223784297462","GA","30701 ","30328",64.5671884,1.05638888888889
"193","7081047628206037","GA","30701 ","30328",64.5671884,1.05638888888889
"194","7081147497417259","GA","30701 ","30328",64.5671884,1.05638888888889
"195","7081135462061186","GA","30701 ","30328",64.5671884,1.05638888888889
"196","7081145664327814","GA","30701 ","30328",64.5671884,1.05638888888889
"197","7081223788209166","GA","30701 ","30328",64.5671884,1.05638888888889
"198","7081091425699226","GA","30701 ","30328",64.5671884,1.05638888888889
"199","7081104428323478","GA","30701 ","30328",64.5671884,1.05638888888889
"200","7081067578150035","GA","30701 ","30328",64.5671884,1.05638888888889
"201","7081197504103285","GA","30701 ","30328",64.5671884,1.05638888888889
"202","7081207454818699","GA","30701 ","30328",64.5671884,1.05638888888889
"203","7081197511842735","GA","30701 ","30328",64.5671884,1.05638888888889
"204","7081193919838839","GA","30701 ","30328",64.5671884,1.05638888888889
"205","7081077570601117","GA","30701 ","30328",64.5671884,1.05638888888889
"206","7081236231128312","GA","30701 ","30328",64.5671884,1.05638888888889
"207","7081137604564259","GA","30701 ","30328",64.5671884,1.05638888888889
"208","7081221850857045","GA","30701 ","30328",64.5671884,1.05638888888889
"209","7081193922415815","GA","30701 ","30328",64.5671884,1.05638888888889
"210","7081293771098819","GA","30701 ","30328",64.5671884,1.05638888888889
"211","7081081487880418","GA","30701 ","30328",64.5671884,1.05638888888889
"212","7081135464081083","GA","30701 ","30328",64.5671884,1.05638888888889
"213","7081294037590250","GA","30701 ","30328",64.5671884,1.05638888888889
"214","7081037583193759","GA","30701 ","30328",64.5671884,1.05638888888889
"215","7081207278574932","GA","30701 ","30328",64.5671884,1.05638888888889
"216","7081317304412500","GA","30701 ","30328",64.5671884,1.05638888888889
"217","7081284304506824","GA","30701 ","30328",64.5671884,1.05638888888889
"218","7081136868456483","GA","30701 ","30328",64.5671884,1.05638888888889
"219","7081052196385171","GA","30701 ","30328",64.5671884,1.05638888888889
"220","7081196000375215","GA","30701 ","30328",64.5671884,1.05638888888889
"221","7081034421258464","GA","30701 ","30328",64.5671884,1.05638888888889
"222","7081037618164569","GA","30701 ","30328",64.5671884,1.05638888888889
"223","7081157182518436","GA","30701 ","30328",64.5671884,1.05638888888889
"224","7081274360661894","GA","30701 ","30328",64.5671884,1.05638888888889
"225","7081265693536381","GA","30701 ","30328",64.5671884,1.05638888888889
"226","7081155332720753","GA","30701 ","30328",64.5671884,1.05638888888889
"227","7081293770823357","GA","30701 ","30328",64.5671884,1.05638888888889
"228","7081015557080293","GA","30701 ","30328",64.5671884,1.05638888888889
"229","7081320102637344","GA","30701 ","30328",64.5671884,1.05638888888889
"230","7081155333332913","GA","30701 ","30328",64.5671884,1.05638888888889
"231","7081113638861953","GA","30701 ","30328",64.5671884,1.05638888888889
"232","7081145941292989","GA","30701 ","30328",64.5671884,1.05638888888889
"233","7081137555889416","GA","30701 ","30328",64.5671884,1.05638888888889
"234","7081136426613732","GA","30701 ","30328",64.5671884,1.05638888888889
"235","7081145664325370","GA","30701 ","30328",64.5671884,1.05638888888889
"236","7081141868705616","GA","30701 ","30328",64.5671884,1.05638888888889
"237","7081030883647467","GA","30701 ","30328",64.5671884,1.05638888888889
"238","7081284106509679","GA","30677 ","30328",68.335358,1.30805555555556
"239","7081117617247522","GA","30677 ","30328",68.335358,1.30805555555556
"240","7081127523659918","GA","30677 ","30328",68.335358,1.30805555555556
"241","7081237248145968","GA","30677 ","30328",68.335358,1.30805555555556
"242","7081127521512788","GA","30677 ","30328",68.335358,1.30805555555556
"243","7081127524706692","GA","30677 ","30328",68.335358,1.30805555555556
"244","7081127523795712","GA","30676 ","30328",NA,NA
"245","7081037600191125","GA","30656 ","30328",49.7735186,0.954444444444444
"246","7081067547744082","GA","30642 ","30328",86.7555182,1.3475
"247","7081137610147503","GA","30629 ","30328",86.315567,1.59027777777778
"248","7081087594752770","GA","30620 ","30328",43.9317372,0.820833333333333
"249","7081127522715778","GA","30609 ","30328",67.2609574,1.20083333333333
"250","7081127523327599","GA","30606 ","30328",61.3930772,1.10888888888889
"251","7081127522765658","GA","30606 ","30328",61.3930772,1.10888888888889
"252","7081147612529277","GA","30606 ","30328",61.3930772,1.10888888888889
"253","7081117567970271","GA","30606 ","30328",61.3930772,1.10888888888889
"254","7081067610444412","GA","30605 ","30328",69.4874336,1.24944444444444
"255","7081097564961509","GA","30605 ","30328",69.4874336,1.24944444444444
"256","7081077625583427","GA","30605 ","30328",69.4874336,1.24944444444444
"257","7081067609112301","GA","30605 ","30328",69.4874336,1.24944444444444
"258","7081077601560936","GA","30605 ","30328",69.4874336,1.24944444444444
"259","7081087565837147","GA","30605 ","30328",69.4874336,1.24944444444444
"260","7081067610074631","GA","30605 ","30328",69.4874336,1.24944444444444
"261","7081077625608943","GA","30605 ","30328",69.4874336,1.24944444444444
"262","7081067610075075","GA","30605 ","30328",69.4874336,1.24944444444444
"263","7081067610036291","GA","30605 ","30328",69.4874336,1.24944444444444
"264","7081067609750076","GA","30605 ","30328",69.4874336,1.24944444444444
"265","7081047568833014","GA","30601 ","30328",67.9544398,1.23027777777778
"266","7081096569817575","GA","30601 ","30328",67.9544398,1.23027777777778
"267","7081010137628315","GA","30577 ","30328",88.5078662,1.43722222222222
"268","7081127523818688","GA","30569 ","30328",NA,NA
"269","7081183585586655","GA","30549 ","30328",56.8388366,0.940555555555556
"270","7081137543809583","GA","30548 ","30328",41.9078374,0.7075
"271","7081121419108486","GA","30536 ","30328",74.2405222,1.48
"272","7081265845501622","GA","30534 ","30328",45.79718,0.843888888888889
"273","7081114781889742","GA","30534 ","30328",45.79718,0.843888888888889
"274","7081307358016752","GA","30518 ","30328",33.9508104,0.637222222222222
"275","7081177577385506","GA","30518 ","30328",33.9508104,0.637222222222222
"276","7081087597077753","GA","30518 ","30328",33.9508104,0.637222222222222
"277","7081245645771492","GA","30512 ","30328",89.6847978,1.7925
"278","7081143335420738","GA","30501 ","30328",50.5328694,0.878611111111111
"279","7081173848857530","GA","30461 ","30328",232.1780318,3.57583333333333
"280","7081080639696383","GA","30461 ","30328",232.1780318,3.57583333333333
"281","7081053600168195","GA","30461 ","30328",232.1780318,3.57583333333333
"282","7081043475963853","GA","30461 ","30328",232.1780318,3.57583333333333
"283","7081122605546836","GA","30461 ","30328",232.1780318,3.57583333333333
"284","7081207347731521","GA","30458 ","30328",222.6749616,3.36027777777778
"285","7081053928317391","GA","30458 ","30328",222.6749616,3.36027777777778
"286","7081127513698728","GA","30458 ","30328",222.6749616,3.36027777777778
"287","7081087572413940","GA","30415 ","30328",234.9314552,3.54027777777778
"288","7081157568607969","GA","30407 ","30328",NA,NA
"289","7081127527603730","GA","30405 ","30328",NA,NA
"290","7081157558147901","GA","30401 ","30328",193.2143876,2.97888888888889
"291","7081167517848853","GA","30363 ","30328",15.1242546,0.323888888888889
"292","7081087590223222","GA","30360 ","30328",9.5558892,0.236388888888889
"293","7081087544862687","GA","30360 ","30328",9.5558892,0.236388888888889
"294","7081097520764286","GA","30360 ","30328",9.5558892,0.236388888888889
"295","7081067591038522","GA","30360 ","30328",9.5558892,0.236388888888889
"296","7081067574631012","GA","30360 ","30328",9.5558892,0.236388888888889
"297","7081097587103436","GA","30360 ","30328",9.5558892,0.236388888888889
"298","7081127525011548","GA","30359 ","30328",12.9785604,0.294166666666667
"299","7081235902076891","GA","30356 ","30328",3.8172602,0.175
"300","7081136051730785","GA","30354 ","30328",23.9350852,0.495555555555556
"301","7081136742786733","GA","30354 ","30328",23.9350852,0.495555555555556
"302","7081307336939141","GA","30350 ","30328",6.061757,0.216388888888889
"303","7081057513477130","GA","30350 ","30328",6.061757,0.216388888888889
"304","7081077546197893","GA","30350 ","30328",6.061757,0.216388888888889
"305","7081147629794963","GA","30350 ","30328",6.061757,0.216388888888889
"306","7081147628188571","GA","30350 ","30328",6.061757,0.216388888888889
"307","7081255396655992","GA","30350 ","30328",6.061757,0.216388888888889
"308","7081245785731710","GA","30349 ","30328",29.758846,0.53
"309","7081013851205666","GA","30349 ","30328",29.758846,0.53
"310","7081207102413034","GA","30349 ","30328",29.758846,0.53
"311","7081125774662730","GA","30349 ","30328",29.758846,0.53
"312","7081057545549047","GA","30345 ","30328",13.1475812,0.296388888888889
"313","7081293267338059","GA","30345 ","30328",13.1475812,0.296388888888889
"314","7081157597764567","GA","30345 ","30328",13.1475812,0.296388888888889
"315","7081037618181126","GA","30345 ","30328",13.1475812,0.296388888888889
"316","7081114296684380","GA","30344 ","30328",23.7492866,0.491944444444444
"317","7081075123649831","GA","30344 ","30328",23.7492866,0.491944444444444
"318","7081117625981120","GA","30340 ","30328",10.1487048,0.231111111111111
"319","7081097547279268","GA","30340 ","30328",10.1487048,0.231111111111111
"320","7081235008842899","GA","30339 ","30328",7.9526772,0.201666666666667
"321","7081316939617756","GA","30339 ","30328",7.9526772,0.201666666666667
"322","7081027537944779","GA","30339 ","30328",7.9526772,0.201666666666667
"323","7081316541062557","GA","30339 ","30328",7.9526772,0.201666666666667
"324","7081097585618567","GA","30339 ","30328",7.9526772,0.201666666666667
"325","7081067572130025","GA","30339 ","30328",7.9526772,0.201666666666667
"326","7081306918997543","GA","30339 ","30328",7.9526772,0.201666666666667
"327","7081137562140654","GA","30338 ","30328",4.4280964,0.203333333333333
"328","7081087574001529","GA","30338 ","30328",4.4280964,0.203333333333333
"329","7081067590101750","GA","30337 ","30328",25.6718982,0.530833333333333
"330","7081157551758407","GA","30332 ","30328",14.8415176,0.336111111111111
"331","7081097522149791","GA","30331 ","30328",25.4109102,0.5175
"332","7081117628070178","GA","30331 ","30328",25.4109102,0.5175
"333","7081165202191118","GA","30331 ","30328",25.4109102,0.5175
"334","7081130769906977","GA","30331 ","30328",25.4109102,0.5175
"335","7081165201682489","GA","30331 ","30328",25.4109102,0.5175
"336","7081316942013050","GA","30331 ","30328",25.4109102,0.5175
"337","7081074207790397","GA","30331 ","30328",25.4109102,0.5175
"338","7081221707386198","GA","30331 ","30328",25.4109102,0.5175
"339","7081044424513773","GA","30331 ","30328",25.4109102,0.5175
"340","7081137539344819","GA","30331 ","30328",25.4109102,0.5175
"341","7081037582331822","GA","30331 ","30328",25.4109102,0.5175
"342","7081103778956564","GA","30331 ","30328",25.4109102,0.5175
"343","7081223998235092","GA","30331 ","30328",25.4109102,0.5175
"344","7081137597553996","GA","30331 ","30328",25.4109102,0.5175
"345","7081226155557901","GA","30331 ","30328",25.4109102,0.5175
"346","7081071067936268","GA","30331 ","30328",25.4109102,0.5175
"347","7081090342282215","GA","30331 ","30328",25.4109102,0.5175
"348","7081097525179332","GA","30330 ","30328",NA,NA
"349","7081097520533152","GA","30330 ","30328",NA,NA
"350","7081097523348822","GA","30330 ","30328",NA,NA
"351","7081144281203607","GA","30329 ","30328",11.486579,0.263611111111111
"352","7081245382442927","GA","30328 ","30328",0,0
"353","7081067570020640","GA","30328 ","30328",0,0
"354","7081324389356347","GA","30328 ","30328",0,0
"355","7081037600777329","GA","30328 ","30328",0,0
"356","7081147625703190","GA","30328 ","30328",0,0
"357","7081147627881432","GA","30328 ","30328",0,0
"358","7081077569786804","GA","30328 ","30328",0,0
"359","7081097520719702","GA","30325 ","30328",11.6642994,0.245555555555556
"360","7081253414821324","GA","30324 ","30328",10.3966434,0.263888888888889
"361","7081044838915507","GA","30324 ","30328",10.3966434,0.263888888888889
"362","7081157632402264","GA","30324 ","30328",10.3966434,0.263888888888889
"363","7081077599455248","GA","30319 ","30328",6.2599836,0.243055555555556
"364","7081264891541038","GA","30319 ","30328",6.2599836,0.243055555555556
"365","7081035377045763","GA","30318 ","30328",15.2640696,0.356388888888889
"366","7081127508095310","GA","30318 ","30328",15.2640696,0.356388888888889
"367","7081067541082463","GA","30318 ","30328",15.2640696,0.356388888888889
"368","7081027525222618","GA","30318 ","30328",15.2640696,0.356388888888889
"369","7081067581815988","GA","30318 ","30328",15.2640696,0.356388888888889
"370","7081103248418054","GA","30318 ","30328",15.2640696,0.356388888888889
"371","7081325696416401","GA","30318 ","30328",15.2640696,0.356388888888889
"372","7081097520899793","GA","30315 ","30328",20.9828138,0.440277777777778
"373","7081097520894091","GA","30315 ","30328",20.9828138,0.440277777777778
"374","7081151957145863","GA","30315 ","30328",20.9828138,0.440277777777778
"375","7081077575781260","GA","30315 ","30328",20.9828138,0.440277777777778
"376","7081136202080015","GA","30315 ","30328",20.9828138,0.440277777777778
"377","7081031929441832","GA","30314 ","30328",16.5081124,0.396666666666667
"378","7081256250788234","GA","30314 ","30328",16.5081124,0.396666666666667
"379","7081135460321939","GA","30313 ","30328",14.8769374,0.328055555555556
"380","7081182229023059","GA","30312 ","30328",16.5938656,0.364444444444444
"381","7081254191746601","GA","30311 ","30328",21.5743866,0.445555555555556
"382","7081282499902865","GA","30311 ","30328",21.5743866,0.445555555555556
"383","7081167518813062","GA","30311 ","30328",21.5743866,0.445555555555556
"384","7081316709174863","GA","30311 ","30328",21.5743866,0.445555555555556
"385","7081016780293273","GA","30311 ","30328",21.5743866,0.445555555555556
"386","7081177582328947","GA","30311 ","30328",21.5743866,0.445555555555556
"387","7081194736356799","GA","30311 ","30328",21.5743866,0.445555555555556
"388","7081230469177281","GA","30310 ","30328",19.182618,0.407222222222222
"389","7081213816818880","GA","30310 ","30328",19.182618,0.407222222222222
"390","7081136584853021","GA","30310 ","30328",19.182618,0.407222222222222
"391","7081117604303759","GA","30308 ","30328",15.236728,0.337222222222222
"392","7081147581706617","GA","30308 ","30328",15.236728,0.337222222222222
"393","7081167544483104","GA","30308 ","30328",15.236728,0.337222222222222
"394","7081097521386873","GA","30305 ","30328",7.0410834,0.275
"395","7081167564673519","GA","30305 ","30328",7.0410834,0.275
"396","7081087605241656","GA","30303 ","30328",15.1758308,0.341111111111111
"397","7081067527928333","GA","30303 ","30328",15.1758308,0.341111111111111
"398","7081087568151470","GA","30303 ","30328",15.1758308,0.341111111111111
"399","7081087576960573","GA","30303 ","30328",15.1758308,0.341111111111111
"400","7081097586123468","GA","30303 ","30328",15.1758308,0.341111111111111
"401","7081047606285102","GA","30299 ","30328",NA,NA
"402","7081137565714778","GA","30294 ","30328",31.1172264,0.631111111111111
"403","7081217457731864","GA","30294 ","30328",31.1172264,0.631111111111111
"404","7081017556153980","GA","30294 ","30328",31.1172264,0.631111111111111
"405","7081077590575689","GA","30294 ","30328",31.1172264,0.631111111111111
"406","7081134821391954","GA","30291 ","30328",32.6986894,0.603611111111111
"407","7081286466737964","GA","30291 ","30328",32.6986894,0.603611111111111
"408","7081117615499430","GA","30281 ","30328",41.2646884,0.755277777777778
"409","7081097549198219","GA","30281 ","30328",41.2646884,0.755277777777778
"410","7081147608154080","GA","30281 ","30328",41.2646884,0.755277777777778
"411","7081077581356644","GA","30281 ","30328",41.2646884,0.755277777777778
"412","7081077590090341","GA","30281 ","30328",41.2646884,0.755277777777778
"413","7081077563539282","GA","30281 ","30328",41.2646884,0.755277777777778
"414","7081157633305607","GA","30281 ","30328",41.2646884,0.755277777777778
"415","7081137574690266","GA","30281 ","30328",41.2646884,0.755277777777778
"416","7081052265474609","GA","30281 ","30328",41.2646884,0.755277777777778
"417","7081255662775383","GA","30274 ","30328",30.886687,0.621111111111111
"418","7081117578496316","GA","30274 ","30328",30.886687,0.621111111111111
"419","7081127538245851","GA","30270 ","30328",46.1526208,0.868055555555556
"420","7081087604507503","GA","30269 ","30328",46.0749458,0.885833333333333
"421","7081085604340180","GA","30269 ","30328",46.0749458,0.885833333333333
"422","7081314421010044","GA","30269 ","30328",46.0749458,0.885833333333333
"423","7081326589219506","GA","30269 ","30328",46.0749458,0.885833333333333
"424","7081165185479936","GA","30269 ","30328",46.0749458,0.885833333333333
"425","7081100391432627","GA","30263 ","30328",59.5537332,1.05027777777778
"426","7081113409962816","GA","30263 ","30328",59.5537332,1.05027777777778
"427","7081047558092886","GA","30260 ","30328",31.9293962,0.617222222222222
"428","7081286311277422","GA","30260 ","30328",31.9293962,0.617222222222222
"429","7081286527925087","GA","30260 ","30328",31.9293962,0.617222222222222
"430","7081097550453735","GA","30260 ","30328",31.9293962,0.617222222222222
"431","7081137586698323","GA","30260 ","30328",31.9293962,0.617222222222222
"432","7081225966310856","GA","30253 ","30328",44.7892692,0.821388888888889
"433","7081167521927552","GA","30252 ","30328",43.2780244,0.875833333333333
"434","7081127580362323","GA","30252 ","30328",43.2780244,0.875833333333333
"435","7081123919104171","GA","30238 ","30328",34.9270298,0.689722222222222
"436","7081103417395273","GA","30238 ","30328",34.9270298,0.689722222222222
"437","7081285927926141","GA","30236 ","30328",34.4056752,0.682222222222222
"438","7081057565796775","GA","30236 ","30328",34.4056752,0.682222222222222
"439","7081313891969473","GA","30228 ","30328",42.1209776,0.855
"440","7081137550727009","GA","30223 ","30328",52.8898396,1.06972222222222
"441","7081212092294659","GA","30215 ","30328",45.4541672,0.946111111111111
"442","7081223900621694","GA","30213 ","30328",33.1659822,0.709444444444444
"443","7081244449633677","GA","30189 ","30328",27.6112876,0.581388888888889
"444","7081113257801892","GA","30189 ","30328",27.6112876,0.581388888888889
"445","7081010951389895","GA","30188 ","30328",19.3646882,0.566111111111111
"446","7081317308945042","GA","30187 ","30328",42.9151268,0.7775
"447","7081133851717500","GA","30184 ","30328",46.6304774,0.832222222222222
"448","7081224100948119","GA","30184 ","30328",46.6304774,0.832222222222222
"449","7081097587737878","GA","30184 ","30328",46.6304774,0.832222222222222
"450","7081012680089614","GA","30180 ","30328",43.205942,0.765555555555556
"451","7081326084112115","GA","30180 ","30328",43.205942,0.765555555555556
"452","7081012680197078","GA","30180 ","30328",43.205942,0.765555555555556
"453","7081227293343873","GA","30180 ","30328",43.205942,0.765555555555556
"454","7081102500836151","GA","30179 ","30328",50.0481774,0.921388888888889
"455","7081136587695221","GA","30171 ","30328",49.5311726,0.855833333333333
"456","7081167520743307","GA","30168 ","30328",21.730358,0.426388888888889
"457","7081090386241481","GA","30168 ","30328",21.730358,0.426388888888889
"458","7081237388621158","GA","30168 ","30328",21.730358,0.426388888888889
"459","7081052254962929","GA","30168 ","30328",21.730358,0.426388888888889
"460","7081226808063018","GA","30168 ","30328",21.730358,0.426388888888889
"461","7081097508657718","GA","30168 ","30328",21.730358,0.426388888888889
"462","7081136050795755","GA","30168 ","30328",21.730358,0.426388888888889
"463","7081247130271061","GA","30168 ","30328",21.730358,0.426388888888889
"464","7081326340891098","GA","30168 ","30328",21.730358,0.426388888888889
"465","7081103787646040","GA","30168 ","30328",21.730358,0.426388888888889
"466","7081147293464026","GA","30168 ","30328",21.730358,0.426388888888889
"467","7081136048250822","GA","30168 ","30328",21.730358,0.426388888888889
"468","7081230469355929","GA","30168 ","30328",21.730358,0.426388888888889
"469","7081265574290454","GA","30168 ","30328",21.730358,0.426388888888889
"470","7081157551563294","GA","30168 ","30328",21.730358,0.426388888888889
"471","7081265283492193","GA","30168 ","30328",21.730358,0.426388888888889
"472","7081135188930052","GA","30168 ","30328",21.730358,0.426388888888889
"473","7081072319997371","GA","30168 ","30328",21.730358,0.426388888888889
"474","7081213813981285","GA","30168 ","30328",21.730358,0.426388888888889
"475","7081142845122297","GA","30168 ","30328",21.730358,0.426388888888889
"476","7081264842671249","GA","30168 ","30328",21.730358,0.426388888888889
"477","7081155363452672","GA","30168 ","30328",21.730358,0.426388888888889
"478","7081223999052959","GA","30168 ","30328",21.730358,0.426388888888889
"479","7081077622042203","GA","30168 ","30328",21.730358,0.426388888888889
"480","7081167529916011","GA","30168 ","30328",21.730358,0.426388888888889
"481","7081317303834001","GA","30168 ","30328",21.730358,0.426388888888889
"482","7081182982976915","GA","30168 ","30328",21.730358,0.426388888888889
"483","7081053127635973","GA","30168 ","30328",21.730358,0.426388888888889
"484","7081156951066569","GA","30168 ","30328",21.730358,0.426388888888889
"485","7081133422640058","GA","30168 ","30328",21.730358,0.426388888888889
"486","7081147580412076","GA","30168 ","30328",21.730358,0.426388888888889
"487","7081126295497812","GA","30161 ","30328",63.5853764,1.0875
"488","7081234429177753","GA","30161 ","30328",63.5853764,1.0875
"489","7081313895499014","GA","30157 ","30328",35.252022,0.9
"490","7081012512741374","GA","30152 ","30328",24.051287,0.535833333333333
"491","7081150251141073","GA","30152 ","30328",24.051287,0.535833333333333
"492","7081297013781157","GA","30152 ","30328",24.051287,0.535833333333333
"493","7081246746449970","GA","30152 ","30328",24.051287,0.535833333333333
"494","7081235324198042","GA","30152 ","30328",24.051287,0.535833333333333
"495","7081235593120784","GA","30152 ","30328",24.051287,0.535833333333333
"496","7081157584821164","GA","30145 ","30328",54.3470226,0.985833333333333
"497","7081130578414908","GA","30145 ","30328",54.3470226,0.985833333333333
"498","7081207403892829","GA","30144 ","30328",21.031283,0.434444444444444
"499","7081274449102670","GA","30144 ","30328",21.031283,0.434444444444444
"500","7081057570201340","GA","30144 ","30328",21.031283,0.434444444444444
"501","7081193958665333","GA","30143 ","30328",57.4434588,1.01055555555556
"502","7081077616920505","GA","30143 ","30328",57.4434588,1.01055555555556
"503","7081150637984337","GA","30141 ","30328",31.203601,0.736666666666667
"504","7081077617645838","GA","30141 ","30328",31.203601,0.736666666666667
"505","7081146784007716","GA","30139 ","30328",56.0540084,0.935
"506","7081136038298732","GA","30139 ","30328",56.0540084,0.935
"507","7081037582397989","GA","30135 ","30328",38.8698128,0.755555555555556
"508","7081097527712965","GA","30135 ","30328",38.8698128,0.755555555555556
"509","7081037604569250","GA","30135 ","30328",38.8698128,0.755555555555556
"510","7081143252530147","GA","30135 ","30328",38.8698128,0.755555555555556
"511","7081237056085132","GA","30135 ","30328",38.8698128,0.755555555555556
"512","7081223596667423","GA","30134 ","30328",36.929802,0.691111111111111
"513","7081146243261441","GA","30134 ","30328",36.929802,0.691111111111111
"514","7081136202089131","GA","30134 ","30328",36.929802,0.691111111111111
"515","7081130380579310","GA","30132 ","30328",37.43935,0.887222222222222
"516","7081083431072407","GA","30127 ","30328",21.7558354,0.565277777777778
"517","7081147613578927","GA","30127 ","30328",21.7558354,0.565277777777778
"518","7081027545691842","GA","30127 ","30328",21.7558354,0.565277777777778
"519","7081192851851586","GA","30127 ","30328",21.7558354,0.565277777777778
"520","7081087548551955","GA","30127 ","30328",21.7558354,0.565277777777778
"521","7081307258573621","GA","30127 ","30328",21.7558354,0.565277777777778
"522","7081137564032099","GA","30127 ","30328",21.7558354,0.565277777777778
"523","7081157613404636","GA","30127 ","30328",21.7558354,0.565277777777778
"524","7081114093602924","GA","30127 ","30328",21.7558354,0.565277777777778
"525","7081117590939681","GA","30127 ","30328",21.7558354,0.565277777777778
"526","7081194794036614","GA","30127 ","30328",21.7558354,0.565277777777778
"527","7081255364998820","GA","30127 ","30328",21.7558354,0.565277777777778
"528","7081015114129237","GA","30127 ","30328",21.7558354,0.565277777777778
"529","7081017508111474","GA","30127 ","30328",21.7558354,0.565277777777778
"530","7081013744131350","GA","30127 ","30328",21.7558354,0.565277777777778
"531","7081163599264895","GA","30127 ","30328",21.7558354,0.565277777777778
"532","7081107623815206","GA","30127 ","30328",21.7558354,0.565277777777778
"533","7081226868588466","GA","30126 ","30328",16.5801948,0.413611111111111
"534","7081127552097808","GA","30126 ","30328",16.5801948,0.413611111111111
"535","7081322713118342","GA","30126 ","30328",16.5801948,0.413611111111111
"536","7081137244134992","GA","30126 ","30328",16.5801948,0.413611111111111
"537","7081167215321526","GA","30126 ","30328",16.5801948,0.413611111111111
"538","7081230470463241","GA","30126 ","30328",16.5801948,0.413611111111111
"539","7081017472839217","GA","30126 ","30328",16.5801948,0.413611111111111
"540","7081245608297790","GA","30126 ","30328",16.5801948,0.413611111111111
"541","7081246440571038","GA","30126 ","30328",16.5801948,0.413611111111111
"542","7081180221077461","GA","30126 ","30328",16.5801948,0.413611111111111
"543","7081027515693760","GA","30126 ","30328",16.5801948,0.413611111111111
"544","7081227166306270","GA","30126 ","30328",16.5801948,0.413611111111111
"545","7081127513482784","GA","30126 ","30328",16.5801948,0.413611111111111
"546","7081156951118600","GA","30126 ","30328",16.5801948,0.413611111111111
"547","7081177555669541","GA","30126 ","30328",16.5801948,0.413611111111111
"548","7081090337777914","GA","30126 ","30328",16.5801948,0.413611111111111
"549","7081256078109878","GA","30126 ","30328",16.5801948,0.413611111111111
"550","7081087564919813","GA","30126 ","30328",16.5801948,0.413611111111111
"551","7081255242771100","GA","30126 ","30328",16.5801948,0.413611111111111
"552","7081107578127409","GA","30126 ","30328",16.5801948,0.413611111111111
"553","7081127504761709","GA","30126 ","30328",16.5801948,0.413611111111111
"554","7081137540772545","GA","30126 ","30328",16.5801948,0.413611111111111
"555","7081296797870095","GA","30126 ","30328",16.5801948,0.413611111111111
"556","7081127559505977","GA","30126 ","30328",16.5801948,0.413611111111111
"557","7081072320865682","GA","30126 ","30328",16.5801948,0.413611111111111
"558","7081327266392624","GA","30126 ","30328",16.5801948,0.413611111111111
"559","7081122404511130","GA","30126 ","30328",16.5801948,0.413611111111111
"560","7081223325046733","GA","30126 ","30328",16.5801948,0.413611111111111
"561","7081233402848729","GA","30126 ","30328",16.5801948,0.413611111111111
"562","7081137243157655","GA","30125 ","30328",70.2219284,1.36277777777778
"563","7081155469874449","GA","30122 ","30328",27.8163496,0.521666666666667
"564","7081137093225636","GA","30122 ","30328",27.8163496,0.521666666666667
"565","7081067608012593","GA","30122 ","30328",27.8163496,0.521666666666667
"566","7081177560631262","GA","30122 ","30328",27.8163496,0.521666666666667
"567","7081087585113958","GA","30122 ","30328",27.8163496,0.521666666666667
"568","7081137610211804","GA","30121 ","30328",39.424723,0.674722222222222
"569","7081135403651046","GA","30120 ","30328",43.2345264,0.8125
"570","7081225434686655","GA","30120 ","30328",43.2345264,0.8125
"571","7081167532901166","GA","30120 ","30328",43.2345264,0.8125
"572","7081127508578273","GA","30120 ","30328",43.2345264,0.8125
"573","7081313970636233","GA","30120 ","30328",43.2345264,0.8125
"574","7081157592842640","GA","30117 ","30328",64.2223114,1.15333333333333
"575","7081037586894304","GA","30115 ","30328",25.9241866,0.668611111111111
"576","7081057566634140","GA","30115 ","30328",25.9241866,0.668611111111111
"577","7081010837883368","GA","30115 ","30328",25.9241866,0.668611111111111
"578","7081087601669330","GA","30115 ","30328",25.9241866,0.668611111111111
"579","7081246246984195","GA","30115 ","30328",25.9241866,0.668611111111111
"580","7081140710437220","GA","30115 ","30328",25.9241866,0.668611111111111
"581","7081315496756122","GA","30114 ","30328",38.1465032,0.685277777777778
"582","7081107624959540","GA","30114 ","30328",38.1465032,0.685277777777778
"583","7081047564439402","GA","30114 ","30328",38.1465032,0.685277777777778
"584","7081322460795540","GA","30110 ","30328",55.621514,0.949166666666667
"585","7081257343018126","GA","30106 ","30328",21.5731438,0.536388888888889
"586","7081092912257346","GA","30106 ","30328",21.5731438,0.536388888888889
"587","7081135457792449","GA","30106 ","30328",21.5731438,0.536388888888889
"588","7081135463287368","GA","30106 ","30328",21.5731438,0.536388888888889
"589","7081137527922121","GA","30106 ","30328",21.5731438,0.536388888888889
"590","7081103853554284","GA","30106 ","30328",21.5731438,0.536388888888889
"591","7081165202176002","GA","30106 ","30328",21.5731438,0.536388888888889
"592","7081137599932008","GA","30106 ","30328",21.5731438,0.536388888888889
"593","7081073957812492","GA","30105 ","30328",73.222669,1.24666666666667
"594","7081051707962270","GA","30104 ","30328",51.3810804,1.04666666666667
"595","7081127505908671","GA","30103 ","30328",55.7358516,0.907222222222222
"596","7081132235711494","GA","30103 ","30328",55.7358516,0.907222222222222
"597","7081067589858675","GA","30103 ","30328",55.7358516,0.907222222222222
"598","7081152295892729","GA","30103 ","30328",55.7358516,0.907222222222222
"599","7081087605314065","GA","30103 ","30328",55.7358516,0.907222222222222
"600","7081034421826583","GA","30103 ","30328",55.7358516,0.907222222222222
"601","7081207404481598","GA","30103 ","30328",55.7358516,0.907222222222222
"602","7081012376001840","GA","30103 ","30328",55.7358516,0.907222222222222
"603","7081152297525566","GA","30103 ","30328",55.7358516,0.907222222222222
"604","7081057550738667","GA","30103 ","30328",55.7358516,0.907222222222222
"605","7081133844140091","GA","30103 ","30328",55.7358516,0.907222222222222
"606","7081227009590270","GA","30102 ","30328",28.4048154,0.539722222222222
"607","7081137593772756","GA","30102 ","30328",28.4048154,0.539722222222222
"608","7081137585977876","GA","30102 ","30328",28.4048154,0.539722222222222
"609","7081012125778896","GA","30101 ","30328",31.6211818,0.603333333333333
"610","7081297272700963","GA","30101 ","30328",31.6211818,0.603333333333333
"611","7081067586083756","GA","30097 ","30328",19.5442728,0.4425
"612","7081067591309675","GA","30096 ","30328",16.6361208,0.402777777777778
"613","7081127512264332","GA","30096 ","30328",16.6361208,0.402777777777778
"614","7081065808614622","GA","30096 ","30328",16.6361208,0.402777777777778
"615","7081197139972229","GA","30096 ","30328",16.6361208,0.402777777777778
"616","7081147607317571","GA","30096 ","30328",16.6361208,0.402777777777778
"617","7081104921779820","GA","30096 ","30328",16.6361208,0.402777777777778
"618","7081127522809571","GA","30096 ","30328",16.6361208,0.402777777777778
"619","7081097586372826","GA","30096 ","30328",16.6361208,0.402777777777778
"620","7081147607771249","GA","30096 ","30328",16.6361208,0.402777777777778
"621","7081087568593713","GA","30096 ","30328",16.6361208,0.402777777777778
"622","7081117616154240","GA","30096 ","30328",16.6361208,0.402777777777778
"623","7081224867863139","GA","30096 ","30328",16.6361208,0.402777777777778
"624","7081157577807345","GA","30096 ","30328",16.6361208,0.402777777777778
"625","7081237379538742","GA","30096 ","30328",16.6361208,0.402777777777778
"626","7081147592731737","GA","30096 ","30328",16.6361208,0.402777777777778
"627","7081157562348818","GA","30096 ","30328",16.6361208,0.402777777777778
"628","7081157614749153","GA","30096 ","30328",16.6361208,0.402777777777778
"629","7081013942267600","GA","30094 ","30328",38.7138414,0.780833333333333
"630","7081077616276791","GA","30093 ","30328",14.7625998,0.333055555555556
"631","7081177576528858","GA","30093 ","30328",14.7625998,0.333055555555556
"632","7081147584100743","GA","30093 ","30328",14.7625998,0.333055555555556
"633","7081077549811771","GA","30088 ","30328",22.33933,0.476111111111111
"634","7081047585668492","GA","30088 ","30328",22.33933,0.476111111111111
"635","7081047585070392","GA","30088 ","30328",22.33933,0.476111111111111
"636","7081087599700683","GA","30088 ","30328",22.33933,0.476111111111111
"637","7081107633538707","GA","30088 ","30328",22.33933,0.476111111111111
"638","7081146574366892","GA","30088 ","30328",22.33933,0.476111111111111
"639","7081047585237314","GA","30088 ","30328",22.33933,0.476111111111111
"640","7081047584643538","GA","30088 ","30328",22.33933,0.476111111111111
"641","7081047583618671","GA","30088 ","30328",22.33933,0.476111111111111
"642","7081177619070447","GA","30088 ","30328",22.33933,0.476111111111111
"643","7081047585206699","GA","30088 ","30328",22.33933,0.476111111111111
"644","7081047582981179","GA","30088 ","30328",22.33933,0.476111111111111
"645","7081047585761784","GA","30088 ","30328",22.33933,0.476111111111111
"646","7081097576281763","GA","30088 ","30328",22.33933,0.476111111111111
"647","7081047584040438","GA","30088 ","30328",22.33933,0.476111111111111
"648","7081077614486939","GA","30088 ","30328",22.33933,0.476111111111111
"649","7081087582727677","GA","30088 ","30328",22.33933,0.476111111111111
"650","7081252656505728","GA","30087 ","30328",25.5749598,0.513611111111111
"651","7081107611939679","GA","30087 ","30328",25.5749598,0.513611111111111
"652","7081315637121053","GA","30087 ","30328",25.5749598,0.513611111111111
"653","7081067575401530","GA","30087 ","30328",25.5749598,0.513611111111111
"654","7081107574761136","GA","30087 ","30328",25.5749598,0.513611111111111
"655","7081323266870347","GA","30087 ","30328",25.5749598,0.513611111111111
"656","7081087532770835","GA","30087 ","30328",25.5749598,0.513611111111111
"657","7081236064215376","GA","30084 ","30328",14.8788016,0.321944444444444
"658","7081127523297628","GA","30083 ","30328",20.3875126,0.4175
"659","7081146059687192","GA","30083 ","30328",20.3875126,0.4175
"660","7081117570328251","GA","30083 ","30328",20.3875126,0.4175
"661","7081107593069768","GA","30083 ","30328",20.3875126,0.4175
"662","7081236208849890","GA","30083 ","30328",20.3875126,0.4175
"663","7081117565778189","GA","30083 ","30328",20.3875126,0.4175
"664","7081027533027728","GA","30083 ","30328",20.3875126,0.4175
"665","7081077590322876","GA","30083 ","30328",20.3875126,0.4175
"666","7081103257993344","GA","30083 ","30328",20.3875126,0.4175
"667","7081107609299557","GA","30083 ","30328",20.3875126,0.4175
"668","7081127528174517","GA","30083 ","30328",20.3875126,0.4175
"669","7081147605064126","GA","30083 ","30328",20.3875126,0.4175
"670","7081187587613748","GA","30083 ","30328",20.3875126,0.4175
"671","7081304380051154","GA","30083 ","30328",20.3875126,0.4175
"672","7081157631120016","GA","30083 ","30328",20.3875126,0.4175
"673","7081022196185855","GA","30082 ","30328",12.567815,0.35
"674","7081324088659207","GA","30082 ","30328",12.567815,0.35
"675","7081087600305282","GA","30081 ","30328",9.9312148,0.251666666666667
"676","7081051391149580","GA","30080 ","30328",10.4003718,0.268611111111111
"677","7081157613644934","GA","30080 ","30328",10.4003718,0.268611111111111
"678","7081126055551378","GA","30080 ","30328",10.4003718,0.268611111111111
"679","7081237097027333","GA","30080 ","30328",10.4003718,0.268611111111111
"680","7081067560085082","GA","30080 ","30328",10.4003718,0.268611111111111
"681","7081087536855343","GA","30080 ","30328",10.4003718,0.268611111111111
"682","7081024846735154","GA","30080 ","30328",10.4003718,0.268611111111111
"683","7081077543148709","GA","30080 ","30328",10.4003718,0.268611111111111
"684","7081093375568781","GA","30080 ","30328",10.4003718,0.268611111111111
"685","7081117546910786","GA","30078 ","30328",29.4611954,0.593611111111111
"686","7081074166495871","GA","30078 ","30328",29.4611954,0.593611111111111
"687","7081017473407972","GA","30078 ","30328",29.4611954,0.593611111111111
"688","7081212325028809","GA","30076 ","30328",12.2533866,0.311388888888889
"689","7081157575279661","GA","30076 ","30328",12.2533866,0.311388888888889
"690","7081254768709594","GA","30076 ","30328",12.2533866,0.311388888888889
"691","7081067586025393","GA","30076 ","30328",12.2533866,0.311388888888889
"692","7081167537061784","GA","30068 ","30328",6.2848396,0.211111111111111
"693","7081087533845214","GA","30068 ","30328",6.2848396,0.211111111111111
"694","7081127508596929","GA","30068 ","30328",6.2848396,0.211111111111111
"695","7081067575042698","GA","30068 ","30328",6.2848396,0.211111111111111
"696","7081077619569309","GA","30068 ","30328",6.2848396,0.211111111111111
"697","7081154693019079","GA","30067 ","30328",7.804784,0.278611111111111
"698","7081067573438344","GA","30067 ","30328",7.804784,0.278611111111111
"699","7081097512226831","GA","30067 ","30328",7.804784,0.278611111111111
"700","7081267007255344","GA","30067 ","30328",7.804784,0.278611111111111
"701","7081087530403744","GA","30067 ","30328",7.804784,0.278611111111111
"702","7081137540592752","GA","30067 ","30328",7.804784,0.278611111111111
"703","7081137565916951","GA","30067 ","30328",7.804784,0.278611111111111
"704","7081067574368144","GA","30067 ","30328",7.804784,0.278611111111111
"705","7081077622936008","GA","30067 ","30328",7.804784,0.278611111111111
"706","7081037631998910","GA","30067 ","30328",7.804784,0.278611111111111
"707","7081071831238769","GA","30066 ","30328",13.1929434,0.376388888888889
"708","7081037636127531","GA","30066 ","30328",13.1929434,0.376388888888889
"709","7081316264219830","GA","30066 ","30328",13.1929434,0.376388888888889
"710","7081077575969485","GA","30066 ","30328",13.1929434,0.376388888888889
"711","7081167541266296","GA","30064 ","30328",17.7589906,0.443055555555556
"712","7081067606573356","GA","30064 ","30328",17.7589906,0.443055555555556
"713","7081137529508795","GA","30064 ","30328",17.7589906,0.443055555555556
"714","7081287181427030","GA","30064 ","30328",17.7589906,0.443055555555556
"715","7081087583717339","GA","30064 ","30328",17.7589906,0.443055555555556
"716","7081307403746056","GA","30062 ","30328",8.6616946,0.248888888888889
"717","7081127536871724","GA","30062 ","30328",8.6616946,0.248888888888889
"718","7081147227031503","GA","30062 ","30328",8.6616946,0.248888888888889
"719","7081027524531878","GA","30062 ","30328",8.6616946,0.248888888888889
"720","7081057559939043","GA","30062 ","30328",8.6616946,0.248888888888889
"721","7081224174768054","GA","30062 ","30328",8.6616946,0.248888888888889
"722","7081257049562260","GA","30062 ","30328",8.6616946,0.248888888888889
"723","7081226108755552","GA","30062 ","30328",8.6616946,0.248888888888889
"724","7081127230743542","GA","30060 ","30328",13.555841,0.32
"725","7081246441829914","GA","30060 ","30328",13.555841,0.32
"726","7081047631523220","GA","30060 ","30328",13.555841,0.32
"727","7081115477020393","GA","30060 ","30328",13.555841,0.32
"728","7081137538343937","GA","30060 ","30328",13.555841,0.32
"729","7081067561901972","GA","30060 ","30328",13.555841,0.32
"730","7081257144865808","GA","30060 ","30328",13.555841,0.32
"731","7081197520462145","GA","30060 ","30328",13.555841,0.32
"732","7081177561756829","GA","30058 ","30328",31.9107542,0.633333333333333
"733","7081055004283231","GA","30058 ","30328",31.9107542,0.633333333333333
"734","7081117551424574","GA","30058 ","30328",31.9107542,0.633333333333333
"735","7081303897185208","GA","30058 ","30328",31.9107542,0.633333333333333
"736","7081015396220035","GA","30058 ","30328",31.9107542,0.633333333333333
"737","7081117620247006","GA","30058 ","30328",31.9107542,0.633333333333333
"738","7081057573946958","GA","30058 ","30328",31.9107542,0.633333333333333
"739","7081043411454124","GA","30058 ","30328",31.9107542,0.633333333333333
"740","7081167545062493","GA","30052 ","30328",36.8633122,0.794444444444444
"741","7081162206561883","GA","30052 ","30328",36.8633122,0.794444444444444
"742","7081101104585131","GA","30052 ","30328",36.8633122,0.794444444444444
"743","7081146410646507","GA","30052 ","30328",36.8633122,0.794444444444444
"744","7081027545601247","GA","30052 ","30328",36.8633122,0.794444444444444
"745","7081127554765493","GA","30052 ","30328",36.8633122,0.794444444444444
"746","7081073381659741","GA","30047 ","30328",21.4308432,0.495
"747","7081117561590646","GA","30047 ","30328",21.4308432,0.495
"748","7081256192896160","GA","30047 ","30328",21.4308432,0.495
"749","7081074583602232","GA","30046 ","30328",27.1172746,0.5325
"750","7081127568497174","GA","30045 ","30328",32.3258494,0.669444444444444
"751","7081147585332246","GA","30045 ","30328",32.3258494,0.669444444444444
"752","7081274389792985","GA","30045 ","30328",32.3258494,0.669444444444444
"753","7081067572343321","GA","30044 ","30328",22.2479842,0.473055555555556
"754","7081087530453806","GA","30044 ","30328",22.2479842,0.473055555555556
"755","7081017523476068","GA","30044 ","30328",22.2479842,0.473055555555556
"756","7081077603111696","GA","30044 ","30328",22.2479842,0.473055555555556
"757","7081067603691888","GA","30044 ","30328",22.2479842,0.473055555555556
"758","7081195711840418","GA","30043 ","30328",29.5892038,0.595833333333333
"759","7081097506707218","GA","30043 ","30328",29.5892038,0.595833333333333
"760","7081027569864655","GA","30041 ","30328",29.0150302,0.579444444444444
"761","7081157593752848","GA","30041 ","30328",29.0150302,0.579444444444444
"762","7081316124414787","GA","30040 ","30328",27.5298842,0.546388888888889
"763","7081296841740815","GA","30040 ","30328",27.5298842,0.546388888888889
"764","7081293244987945","GA","30040 ","30328",27.5298842,0.546388888888889
"765","7081127523750105","GA","30040 ","30328",27.5298842,0.546388888888889
"766","7081225861199636","GA","30040 ","30328",27.5298842,0.546388888888889
"767","7081117573734208","GA","30040 ","30328",27.5298842,0.546388888888889
"768","7081127519339897","GA","30040 ","30328",27.5298842,0.546388888888889
"769","7081235811589968","GA","30040 ","30328",27.5298842,0.546388888888889
"770","7081056394834021","GA","30040 ","30328",27.5298842,0.546388888888889
"771","7081057560997055","GA","30039 ","30328",29.5593766,0.600555555555556
"772","7081177604072499","GA","30039 ","30328",29.5593766,0.600555555555556
"773","7081194751476852","GA","30039 ","30328",29.5593766,0.600555555555556
"774","7081177635197174","GA","30039 ","30328",29.5593766,0.600555555555556
"775","7081177562239254","GA","30039 ","30328",29.5593766,0.600555555555556
"776","7081197503343825","GA","30039 ","30328",29.5593766,0.600555555555556
"777","7081051498850221","GA","30039 ","30328",29.5593766,0.600555555555556
"778","7081155955147359","GA","30039 ","30328",29.5593766,0.600555555555556
"779","7081117626483159","GA","30039 ","30328",29.5593766,0.600555555555556
"780","7081104786112455","GA","30039 ","30328",29.5593766,0.600555555555556
"781","7081177631134502","GA","30039 ","30328",29.5593766,0.600555555555556
"782","7081136583297550","GA","30038 ","30328",32.1804418,0.626666666666667
"783","7081213603171444","GA","30038 ","30328",32.1804418,0.626666666666667
"784","7081117568742992","GA","30038 ","30328",32.1804418,0.626666666666667
"785","7081194698813985","GA","30038 ","30328",32.1804418,0.626666666666667
"786","7081017515147156","GA","30036 ","30328",24.7926172,0.458055555555556
"787","7081117625560486","GA","30035 ","30328",23.2925576,0.4825
"788","7081077557163180","GA","30035 ","30328",23.2925576,0.4825
"789","7081245183931797","GA","30035 ","30328",23.2925576,0.4825
"790","7081077612542535","GA","30035 ","30328",23.2925576,0.4825
"791","7081294121392522","GA","30035 ","30328",23.2925576,0.4825
"792","7081077607641094","GA","30034 ","30328",26.6661382,0.507222222222222
"793","7081137564429238","GA","30034 ","30328",26.6661382,0.507222222222222
"794","7081057586466242","GA","30033 ","30328",16.7740716,0.347777777777778
"795","7081315290053031","GA","30024 ","30328",25.256803,0.608888888888889
"796","7081137556327838","GA","30024 ","30328",25.256803,0.608888888888889
"797","7081101301474956","GA","30024 ","30328",25.256803,0.608888888888889
"798","7081325450588148","GA","30024 ","30328",25.256803,0.608888888888889
"799","7081147617992652","GA","30024 ","30328",25.256803,0.608888888888889
"800","7081147610623007","GA","30022 ","30328",16.4260876,0.441388888888889
"801","7081137593468819","GA","30022 ","30328",16.4260876,0.441388888888889
"802","7081127545638221","GA","30019 ","30328",33.5002954,0.641111111111111
"803","7081083239717476","GA","30017 ","30328",30.8935224,0.665555555555556
"804","7081277449675587","GA","30017 ","30328",30.8935224,0.665555555555556
"805","7081016766237245","GA","30017 ","30328",30.8935224,0.665555555555556
"806","7081160736138404","GA","30014 ","30328",50.6434786,0.922777777777778
"807","7081133514776943","GA","30013 ","30328",38.8008374,0.68
"808","7081047566912448","GA","30013 ","30328",38.8008374,0.68
"809","7081137576403338","GA","30012 ","30328",39.8988512,0.746944444444444
"810","7081107631583531","GA","30012 ","30328",39.8988512,0.746944444444444
"811","7081177573314468","GA","30012 ","30328",39.8988512,0.746944444444444
"812","7081037635733008","GA","30012 ","30328",39.8988512,0.746944444444444
"813","7081067540400419","GA","30009 ","30328",14.5544308,0.323611111111111
"814","7081133515476220","GA","30008 ","30328",15.7350908,0.416111111111111
"815","7081087532650185","GA","30008 ","30328",15.7350908,0.416111111111111
"816","7081194730608831","GA","30008 ","30328",15.7350908,0.416111111111111
"817","7081117620602408","GA","30008 ","30328",15.7350908,0.416111111111111
"818","7081317128562662","GA","30008 ","30328",15.7350908,0.416111111111111
"819","7081177570239262","GA","30005 ","30328",18.7544734,0.407222222222222
"820","7081125969361650","GA","30005 ","30328",18.7544734,0.407222222222222
"821","7081087542046614","GA","30005 ","30328",18.7544734,0.407222222222222
"822","7081265469321869","GA","30005 ","30328",18.7544734,0.407222222222222
"823","7081176246848183","GA","30005 ","30328",18.7544734,0.407222222222222
"824","7081147597706304","GA","30004 ","30328",22.8606846,0.529444444444444
"825","7081147597604848","GA","30004 ","30328",22.8606846,0.529444444444444
"826","7081284119695424","GA","30004 ","30328",22.8606846,0.529444444444444
"827","7081097530533150","GA","30004 ","30328",22.8606846,0.529444444444444
"828","7081037581605937","GA","30004 ","30328",22.8606846,0.529444444444444
"829","7081107632492724","GA","30002 ","30328",19.2118238,0.417777777777778
"830","7081117548993764","GA","30002 ","30328",19.2118238,0.417777777777778
"831","7081107634177976","GA","30002 ","30328",19.2118238,0.417777777777778
"832","7081117628061334","GA","30002 ","30328",19.2118238,0.417777777777778
"833","7081117603081901","GA","30002 ","30328",19.2118238,0.417777777777778
